,product_id,product_name,img_link,product_link,avg_rating,discounted_price
0,B0BQRJ3C47,"REDTECH USB-C to Lightning Cable 3.3FT, [Apple MFi Certified] Lightning to Type C Fast Charging Cord Compatible with iPhone 14/13/13 pro/Max/12/11/X/XS/XR/8, Supports Power Delivery - White",https://m.media-amazon.com/images/I/31-q0xhaTAL._SY445_SX342_QL70_FMwebp_.jpg,https://www.amazon.in/REDTECH-Lightning-Certified-Charging-Compatible/dp/B0BQRJ3C47/ref=sr_1_491?qid=1672909149&s=electronics&sr=1-491,5.0,₹249
8,B0BP7XLX48,"Syncwire LTG to USB Cable for Fast Charging Compatible with Phone 5/ 5C/ 5S/ 6/ 6S/ 7/8/ X/XR/XS Max/ 11/12/ 13 Series and Pad Air/Mini, Pod & Other Devices (1.1 Meter, White)",https://m.media-amazon.com/images/I/317OoQfs1gL._SX300_SY300_QL70_FMwebp_.jpg,https://www.amazon.in/Syncwire-Cable-Charging-Compatible-Devices/dp/B0BP7XLX48/ref=sr_1_194?qid=1672909134&s=electronics&sr=1-194,5.0,₹399
16,B09ZHCJDP1,"Amazon Basics Wireless Mouse | 2.4 GHz Connection, 1600 DPI | Type - C Adapter | Upto 12 Months of Battery Life | Ambidextrous Design | Suitable for PC/Mac/Laptop",https://m.media-amazon.com/images/I/31+Rg6Z46dL._SX300_SY300_.jpg,https://www.amazon.in/Wireless-Connection-Battery-Ambidextrous-Suitable/dp/B09ZHCJDP1/ref=sr_1_209?qid=1672903005&s=computers&sr=1-209,5.0,₹499
24,B0B53DS4TF,"Instant Pot Air Fryer, Vortex 2QT, Touch Control Panel, 360° EvenCrisp™ Technology, Uses 95 % less Oil, 4-in-1 Appliance: Air Fry, Roast, Bake, Reheat (Vortex 1.97Litre, Black)",https://m.media-amazon.com/images/W/WEBP_402378-T1/images/I/313WfOy8VSL._SX300_SY300_QL70_FMwebp_.jpg,https://www.amazon.in/Instant-Vortex-2QT-EvenCrispTM-Technology/dp/B0B53DS4TF/ref=sr_1_316?qid=1672923609&s=kitchen&sr=1-316,4.8,"₹4,995"
32,B0BQ3K23Y1,"Oratech Coffee Frother electric, milk frother electric, coffee beater, cappuccino maker, Coffee Foamer, Mocktail Mixer, Coffee Foam Maker, coffee whisker electric, Froth Maker, coffee stirrers electric, coffee frothers, Coffee Blender, (6 Month Warranty) (Multicolour)",https://m.media-amazon.com/images/W/WEBP_402378-T2/images/I/41t3WVUlRmL._SX300_SY300_QL70_FMwebp_.jpg,https://www.amazon.in/Oratech-electric-cappuccino-Mocktail-Multicolour/dp/B0BQ3K23Y1/ref=sr_1_216?qid=1672923601&s=kitchen&sr=1-216,4.8,₹279
40,B0BR4F878Q,"Swiffer Instant Electric Water Heater Faucet Tap Home-Kitchen Instantaneous Water Heater Tank less for Tap, LED Electric Head Water Heaters Tail Gallon Comfort(3000W) ((Pack of 1))",https://m.media-amazon.com/images/I/41+t2HWvwFL._SY300_SX300_.jpg,https://www.amazon.in/Swiffer-Instant-Electric-Home-Kitchen-Instantaneous/dp/B0BR4F878Q/ref=sr_1_150?qid=1672923597&s=kitchen&sr=1-150,4.8,"₹1,439"
48,B0BP89YBC1,Campfire Spring Chef Prolix Instant Portable Water Heater Geyser 1Ltr. for Use Home Stainless Steel Baking Rack | Restaurant | Office | Labs | Clinics | Saloon | with Installation Kit (With MCB),https://m.media-amazon.com/images/W/WEBP_402378-T1/images/I/41hoHTbN5rL._SX300_SY300_QL70_FMwebp_.jpg,https://www.amazon.in/Spring-Chef-Stainless-Restaurant-Installation/dp/B0BP89YBC1/ref=sr_1_419?qid=1672923613&s=kitchen&sr=1-419,4.7,"₹1,499"
56,B09WN3SRC7,Sony Bravia 164 cm (65 inches) 4K Ultra HD Smart LED Google TV KD-65X74K (Black),https://m.media-amazon.com/images/I/51uVckL1jRL._SY300_SX300_QL70_FMwebp_.jpg,https://www.amazon.in/Sony-Bravia-inches-Google-KD-65X74K/dp/B09WN3SRC7/ref=sr_1_291?qid=1672909138&s=electronics&sr=1-291,4.7,"₹77,990"
64,B0BM4KTNL1,"FIGMENT Handheld Milk Frother Rechargeable, 3-Speed Electric Frother for Coffee with 2 Whisks and Coffee Decoration Tool, Coffee Frother Mixer, CRESCENT ENTERPRISES VRW0.50BK (A1)",https://m.media-amazon.com/images/I/51oN+8Zs5YL._SY300_SX300_.jpg,https://www.amazon.in/FIGMENT-Rechargeable-Decoration-ENTERPRISES-A1/dp/B0BM4KTNL1/ref=sr_1_240?qid=1672923603&s=kitchen&sr=1-240,4.7,₹699
72,B0BLC2BYPX,"Zuvexa USB Rechargeable Electric Foam Maker - Handheld Milk Wand Mixer Frother for Hot Milk, Hand Blender Coffee, Egg Beater (Black)",https://m.media-amazon.com/images/I/41714O1hnmS._SY300_SX300_QL70_FMwebp_.jpg,https://www.amazon.in/Zuvexa-Rechargeable-Electric-Foam-Maker/dp/B0BLC2BYPX/ref=sr_1_243?qid=1672923603&s=kitchen&sr=1-243,4.7,₹499
80,B0BM9H2NY9,Multifunctional 2 in 1 Electric Egg Boiling Steamer Egg Frying Pan Egg Boiler Electric Automatic Off with Egg Boiler Machine Non-Stick Electric Egg Frying Pan-Tiger Woods (Multy),https://m.media-amazon.com/images/W/WEBP_402378-T1/images/I/51IE+nI0KGL._SY300_SX300_.jpg,https://www.amazon.in/Multifunctional-Electric-Automatic-Non-Stick-Pan-Tiger/dp/B0BM9H2NY9/ref=sr_1_294?qid=1672923606&s=kitchen&sr=1-294,4.7,₹699
88,B0B23LW7NV,Spigen EZ Fit Tempered Glass Screen Protector for iPhone 14 Pro Max - 2 Pack (Sensor Protection),https://m.media-amazon.com/images/I/51EiPNlJDgL._SX300_SY300_QL70_ML2_.jpg,https://www.amazon.in/Spigen-Tempered-Screen-Protector-iPhone/dp/B0B23LW7NV/ref=sr_1_130?qid=1672895784&s=electronics&sr=1-130,4.7,₹999
96,B095RTJH1M,Spigen EZ Fit Tempered Glass Screen Protector Guard for iPhone 14/13/13 Pro - 2 Pack,https://m.media-amazon.com/images/I/41Usew0lrWL._SX300_SY300_QL70_ML2_.jpg,https://www.amazon.in/Spigen-Tempered-Screen-Protector-iPhone/dp/B095RTJH1M/ref=sr_1_123?qid=1672895777&s=electronics&sr=1-123,4.6,₹999
104,B0B244R4KB,Spigen EZ Fit Tempered Glass Screen Protector for iPhone 14 Pro - 2 Pack (Sensor Protection),https://m.media-amazon.com/images/I/51R2kfyMW5L._SX300_SY300_QL70_ML2_.jpg,https://www.amazon.in/Spigen-Tempered-Screen-Protector-iPhone/dp/B0B244R4KB/ref=sr_1_139?qid=1672895784&s=electronics&sr=1-139,4.6,₹999
112,B01J1CFO5I,Redgear MP35 Speed-Type Gaming Mousepad (Black/Red),https://m.media-amazon.com/images/W/WEBP_402378-T1/images/I/41NYfAbBY2L._SX300_SY300_QL70_FMwebp_.jpg,https://www.amazon.in/Redgear-MP35-Speed-Type-Gaming-Mousepad/dp/B01J1CFO5I/ref=sr_1_257?qid=1672903007&s=computers&sr=1-257,4.6,₹299
120,B00SH18114,"Ikea 903.391.72 Polypropylene Plastic Solid Bevara Sealing Clip (Multicolour) - 30 Pack, Adjustable",https://m.media-amazon.com/images/I/41k+HQz9JbL._SX300_SY300_.jpg,https://www.amazon.in/Ikea-903-391-72-Sealing-assorted-30-pack/dp/B00SH18114/ref=sr_1_129_mod_primary_new?qid=1672923597&s=kitchen&sbo=RZvfv%2F%2FHxDF%2BO5021pAnSA%3D%3D&sr=1-129,4.6,₹160
128,B00K57MR22,"Sujata Dynamix DX Mixer Grinder, 900W, 3 Jars (White)",https://m.media-amazon.com/images/I/41cZE9HcRUL._SX300_SY300_QL70_FMwebp_.jpg,https://www.amazon.in/Sujata-DynaMix-DX-900-Watt-Grinder/dp/B00K57MR22/ref=sr_1_411?qid=1672923612&s=kitchen&sr=1-411,4.6,"₹6,120"
136,B09XXZXQC1,"Xiaomi Pad 5| Qualcomm Snapdragon 860| 120Hz Refresh Rate| 6GB, 128GB| 2.5K+ Display (10.95-inch/27.81cm)|1 Billion Colours| Dolby Vision Atmos| Quad Speakers| Wi-Fi| Gray",https://m.media-amazon.com/images/I/31jUKdJdjHL._SX300_SY300_QL70_FMwebp_.jpg,https://www.amazon.in/Snapdragon-Resolution-Refresh-27-81Cm-Display/dp/B09XXZXQC1/ref=sr_1_437?qid=1672903017&s=computers&sr=1-437,4.6,"₹26,999"
144,B078JT7LTD,"Sujata Dynamix, Mixer Grinder, 900 Watts, 3 Jars (White)",https://m.media-amazon.com/images/I/415634DtKfL._SX300_SY300_QL70_FMwebp_.jpg,https://www.amazon.in/Sujata-Dynamix-900W-900-Watt-Mixer-Grinder/dp/B078JT7LTD/ref=sr_1_462?qid=1672923615&s=kitchen&sr=1-462,4.6,"₹6,120"
152,B0BN6M3TCM,"VRPRIME Lint Roller Lint Remover for Clothes, Pet | 360 Sheets Reusable Sticky Easy-Tear Sheet Brush for Clothes, Furniture, Carpet, Dog Fur, Sweater, Dust & Dirt (4 Rolls - 90 Sheet Each Roll)",https://m.media-amazon.com/images/W/WEBP_402378-T2/images/I/51qZekzGLxL._SX300_SY300_QL70_FMwebp_.jpg,https://www.amazon.in/VRPRIME-Remover-Reusable-Easy-Tear-Furniture/dp/B0BN6M3TCM/ref=sr_1_230?qid=1672923603&s=kitchen&sr=1-230,4.6,₹499
160,B07X2L5Z8C,"Logitech Pebble M350 Wireless Mouse with Bluetooth or USB - Silent, Slim Computer Mouse with Quiet Click for Laptop, Notebook, PC and Mac - Graphite",https://m.media-amazon.com/images/I/31DstM4dQ8L._SX300_SY300_QL70_FMwebp_.jpg,https://www.amazon.in/Logitech-Pebble-M350-Wireless-Bluetooth/dp/B07X2L5Z8C/ref=sr_1_295?qid=1672903010&s=computers&sr=1-295,4.6,"₹1,490"
168,B01MQ2A86A,"Logitech M331 Silent Plus Wireless Mouse, 2.4GHz with USB Nano Receiver, 1000 DPI Optical Tracking, 3 Buttons, 24 Month Life Battery, PC/Mac/Laptop - Black",https://m.media-amazon.com/images/W/WEBP_402378-T2/images/I/31+Svp6IjpL._SY300_SX300_.jpg,https://www.amazon.in/Logitech-Silent-Wireless-Mouse-Black/dp/B01MQ2A86A/ref=sr_1_333?qid=1672903011&s=computers&sr=1-333,4.6,"₹1,295"
176,B00NFD0ETQ,"Logitech G402 Hyperion Fury USB Wired Gaming Mouse, 4,000 DPI, Lightweight, 8 Programmable Buttons, Compatible for PC/Mac - Black",https://m.media-amazon.com/images/W/WEBP_402378-T1/images/I/31nlfClYn7L._SX300_SY300_QL70_FMwebp_.jpg,https://www.amazon.in/Logitech-Hyperion-Ultra-Gaming-Mouse/dp/B00NFD0ETQ/ref=sr_1_424?qid=1672903016&s=computers&sr=1-424,4.6,"₹1,995"
184,B09JN37WBX,Lint Remover Woolen Clothes Lint Extractor Battery Lint Removing Machine Bhur Remover,https://m.media-amazon.com/images/W/WEBP_402378-T1/images/I/31g2BiAmVjL._SY300_SX300_QL70_FMwebp_.jpg,https://www.amazon.in/Remover-Clothes-Extractor-Battery-Removing/dp/B09JN37WBX/ref=sr_1_121?qid=1672923596&s=kitchen&sr=1-121,4.6,₹319
192,B0B9BXKBC7,"WeCool S5 Long Selfie Stick, with Large Reinforced Tripod Stand up to 61 Inch / 156 Cms, Ultra Long Multi Function Bluetooth Selfie Stick with 1/4 Screw Compatible with Gopro, Camera, and Ring Light",https://m.media-amazon.com/images/I/41fDM4QUfvL._SX300_SY300_QL70_ML2_.jpg,https://www.amazon.in/WeCool-Reinforced-Function-Bluetooth-Compatible/dp/B0B9BXKBC7/ref=sr_1_445?qid=1672895879&s=electronics&sr=1-445,4.6,"₹1,799"
208,B0BJ966M5K,Aquadpure Copper + Mineral RO+UV+UF 10 to 12 Liter RO + UV + TDS ADJUSTER Water Purifier with Copper Charge Technology black & copper Best For Home and Office (Made In India),https://m.media-amazon.com/images/W/WEBP_402378-T1/images/I/41ZvKRULvDL._SY445_SX342_QL70_FMwebp_.jpg,https://www.amazon.in/Aquadpure-Copper-ADJUSTER-Purifier-Technology/dp/B0BJ966M5K/ref=sr_1_308?qid=1672923607&s=kitchen&sr=1-308,4.6,"₹4,999"
216,B08TGG316Z,"10k 8k 4k HDMI Cable, Certified 48Gbps 1ms Ultra High Speed HDMI 2.1 Cable 4k 120Hz 144Hz 2k 165Hz 8k 60Hz Dynamic HDR ARC eARC DTS:X Compatible for Mac Gaming PC Soundbar TV Monitor Laptop PS5 4 Xbox",https://m.media-amazon.com/images/W/WEBP_402378-T1/images/I/41+AJMzMo7L._SX342_SY445_.jpg,https://www.amazon.in/Cable-Certified-48Gbps-Ultra-Dynamic/dp/B08TGG316Z/ref=sr_1_156?qid=1672909131&s=electronics&sr=1-156,4.6,₹999
224,B09P1MFKG1,"Melbon VM-905 2000-Watt Room Heater (ISI Certified, White Color) Ideal Electric Fan Heater for Small to Medium Room/Area (Plastic Body)",https://m.media-amazon.com/images/I/41xLjSyJtYL._SX300_SY300_QL70_FMwebp_.jpg,https://www.amazon.in/Melbon-Blower-Heater-2000-Watt-White/dp/B09P1MFKG1/ref=sr_1_313?qid=1672923607&s=kitchen&sr=1-313,4.6,₹998
232,B0083T231O,Belkin Essential Series 4-Socket Surge Protector Universal Socket with 5ft Heavy Duty Cable (Grey),https://m.media-amazon.com/images/W/WEBP_402378-T1/images/I/21m+6LxEnOL._SY300_SX300_.jpg,https://www.amazon.in/Belkin-Essential-F9E400zb1-5MGRY-4-Socket-Protector/dp/B0083T231O/ref=sr_1_430?qid=1672903016&s=computers&sr=1-430,4.5,"₹1,289"
240,B00LHZWD0C,"Luxor 5 Subject Single Ruled Notebook - A4, 70 GSM, 300 pages",https://m.media-amazon.com/images/W/WEBP_402378-T1/images/I/51mCZQzY6SL._SX300_SY300_QL70_FMwebp_.jpg,https://www.amazon.in/Luxor-Subject-Single-Ruled-Notebook/dp/B00LHZWD0C/ref=sr_1_193?qid=1672903005&s=computers&sr=1-193,4.5,₹252
248,B071113J7M,Sujata Powermatic Plus 900 Watts Juicer Mixer Grinder,https://m.media-amazon.com/images/W/WEBP_402378-T1/images/I/413KQ6Ch61L._SX300_SY300_QL70_FMwebp_.jpg,https://www.amazon.in/Sujata-Powermatic-Watts-Juicer-Grinder/dp/B071113J7M/ref=sr_1_262?qid=1672923605&s=kitchen&sr=1-262,4.5,"₹5,890"
256,B07Y9PY6Y1,"Sujata Powermatic Plus, Juicer Mixer Grinder with Chutney Jar, 900 Watts, 3 Jars (White)",https://m.media-amazon.com/images/I/41yPeG8kXxL._SX300_SY300_QL70_FMwebp_.jpg,https://www.amazon.in/Plastic-Powermatic-Jar-Juicer-Grinder-Chutney/dp/B07Y9PY6Y1/ref=sr_1_307?qid=1672923607&s=kitchen&sr=1-307,4.5,"₹6,525"
264,B075S9FVRY,"Sujata Supermix, Mixer Grinder, 900 Watts, 3 Jars (White)",https://m.media-amazon.com/images/I/41wCglxg9qL._SX300_SY300_QL70_FMwebp_.jpg,https://www.amazon.in/Sujata-Supermix-AM-007-Watt-Juicer-Grinder/dp/B075S9FVRY/ref=sr_1_444?qid=1672923614&s=kitchen&sr=1-444,4.5,"₹5,490"
272,B0BCVJ3PVP,"SupCares Laptop Stand 7 Height Adjustable, Aluminium, Ventilated, Foldable, Portable Laptop Holder for Desk & Table Mount Upto 15.6 inch Laptop with Carry Pouch (Silver)",https://m.media-amazon.com/images/I/51seYZqgz5L._SX300_SY300_QL70_FMwebp_.jpg,https://www.amazon.in/SupCares-Adjustable-Aluminium-Ventilated-Foldable/dp/B0BCVJ3PVP/ref=sr_1_337?qid=1672903012&s=computers&sr=1-337,4.5,₹499
280,B084MZYBTV,"Belkin USB C to USB-C Fast Charging Type C Cable, 60W PD, 3.3 feet (1 meter) for Laptop, Personal Computer, Tablet, Smartphone - White, USB-IF Certified",https://m.media-amazon.com/images/I/21DySoa1X+L._SY300_SX300_.jpg,https://www.amazon.in/Belkin-USB-C-Charging-USB-IF-Certified/dp/B084MZYBTV/ref=sr_1_257?qid=1672909136&s=electronics&sr=1-257,4.5,₹599
288,B084N18QZY,"Belkin USB C to USB-C Fast Charging Type C Cable, 60W PD, 3.3 feet (1 meter) for Laptop, Personal Computer, Tablet, Smartphone - Black, USB-IF Certified",https://m.media-amazon.com/images/I/21DUuehBaRL._SX300_SY300_QL70_FMwebp_.jpg,https://www.amazon.in/Belkin-USB-C-Charging-USB-IF-Certified/dp/B084N18QZY/ref=sr_1_184?qid=1672909133&s=electronics&sr=1-184,4.5,₹599
296,B08ZJDWTJ1,"Seagate Expansion 1TB External HDD - USB 3.0 for Windows and Mac with 3 yr Data Recovery Services, Portable Hard Drive (STKM1000400)",https://m.media-amazon.com/images/I/41igriVLabS._SX300_SY300_QL70_FMwebp_.jpg,https://www.amazon.in/Seagate-Expansion-1TB-External-HDD/dp/B08ZJDWTJ1/ref=sr_1_44?qid=1672902996&s=computers&sr=1-44,4.5,"₹4,098"
304,B07RY2X9MP,"AmazonBasics 10.2 Gbps High-Speed 4K HDMI Cable with Braided Cord (10-Foot, Dark Grey)",https://m.media-amazon.com/images/W/WEBP_402378-T2/images/I/41m1oMmTMCL._SX300_SY300_QL70_FMwebp_.jpg,https://www.amazon.in/AmazonBasics-High-Speed-Braided-10-Foot-1-Pack/dp/B07RY2X9MP/ref=sr_1_454?qid=1672909146&s=electronics&sr=1-454,4.5,₹609
312,B00LZLQ624,"Classmate Soft Cover 6 Subject Spiral Binding Notebook, Single Line, 300 Pages",https://m.media-amazon.com/images/I/419KXo-7kDL._SX300_SY300_QL70_FMwebp_.jpg,https://www.amazon.in/Classmate-Premium-Subject-Notebook-Single/dp/B00LZLQ624/ref=sr_1_108?qid=1672903000&s=computers&sr=1-108,4.5,₹157
320,B09LQQYNZQ,Realme Smart TV Stick 4K,https://m.media-amazon.com/images/W/WEBP_402378-T2/images/I/31M+JM+KZIL._SY300_SX300_.jpg,https://www.amazon.in/Realme-Smart-TV-Stick-4K/dp/B09LQQYNZQ/ref=sr_1_352?qid=1672909141&s=electronics&sr=1-352,4.5,"₹4,699"
328,B09TT6BFDX,Cotbolt Silicone Protective Case Cover for LG an MR21GA Magic Remote Shockproof for LG Smart TV Remote 2021 Protective Skin Waterproof Anti Lost (Black) (Remote Not Included),https://m.media-amazon.com/images/W/WEBP_402378-T2/images/I/41dNwzNOc3L._SX300_SY300_QL70_FMwebp_.jpg,https://www.amazon.in/Cotbolt-Silicone-Protective-Shockproof-Waterproof/dp/B09TT6BFDX/ref=sr_1_127?qid=1672909130&s=electronics&sr=1-127,4.5,₹399
336,B004IO5BMQ,"Logitech M235 Wireless Mouse, 1000 DPI Optical Tracking, 12 Month Life Battery, Compatible with Windows, Mac, Chromebook/PC/Laptop",https://m.media-amazon.com/images/I/31CtVvtFt+L._SY300_SX300_.jpg,https://www.amazon.in/Logitech-M235-Wireless-Mouse-Grey/dp/B004IO5BMQ/ref=sr_1_163?qid=1672903002&s=computers&sr=1-163,4.5,₹699
344,B0148NPH9I,"Logitech K380 Wireless Multi-Device Keyboard for Windows, Apple iOS, Apple TV Android or Chrome, Bluetooth, Compact Space-Saving Design, PC/Mac/Laptop/Smartphone/Tablet (Dark Grey)",https://m.media-amazon.com/images/I/41EIVJvXxsL._SX300_SY300_QL70_FMwebp_.jpg,https://www.amazon.in/Logitech-920-007596-Multi-Device-Bluetooth-Keyboard/dp/B0148NPH9I/ref=sr_1_426?qid=1672903016&s=computers&sr=1-426,4.5,"₹2,640"
352,B09BVCVTBC,"Redragon K617 Fizz 60% Wired RGB Gaming Keyboard, 61 Keys Compact Mechanical Keyboard w/White and Grey Color Keycaps, Linear Red Switch, Pro Driver/Software Supported",https://m.media-amazon.com/images/I/41nRBNNDnNL._SX300_SY300_QL70_FMwebp_.jpg,https://www.amazon.in/Redragon-K617-Keyboard-Mechanical-Supported/dp/B09BVCVTBC/ref=sr_1_362?qid=1672903013&s=computers&sr=1-362,4.5,"₹2,649"
360,B08WJ86PV2,RPM Euro Games Gaming Mousepad Speed Type Extended Large (Size - 800 mm x 300 mm x 3 mm),https://m.media-amazon.com/images/W/WEBP_402378-T2/images/I/41J8nz5uEUL._SX300_SY300_QL70_FMwebp_.jpg,https://www.amazon.in/Games-Gaming-Mousepad-Speed-Large/dp/B08WJ86PV2/ref=sr_1_321?qid=1672903011&s=computers&sr=1-321,4.5,₹299
368,B0BJ6P3LSK,"Aqua d pure Active Copper 12-L RO+UV Water Filter Purifier for Home, Kitchen Fully Automatic UF+TDS Controller",https://m.media-amazon.com/images/W/WEBP_402378-T2/images/I/41NSz+RdSoL._SX342_SY445_.jpg,https://www.amazon.in/Aquadpure-Copper-RO-Automatic-Controller/dp/B0BJ6P3LSK/ref=sr_1_453?qid=1672923614&s=kitchen&sr=1-453,4.5,"₹4,999"
376,B0846D5CBP,"Casio FX-991ES Plus-2nd Edition Scientific Calculator, Black",https://m.media-amazon.com/images/W/WEBP_402378-T1/images/I/41PDEAuwT3L._SX300_SY300_QL70_FMwebp_.jpg,https://www.amazon.in/Casio-FX-991ES-Plus-2nd-Scientific-Calculator/dp/B0846D5CBP/ref=sr_1_56?qid=1672902997&s=computers&sr=1-56,4.5,"₹1,295"
384,B00KIE28X0,"Camel Artist Acrylic Color Box - 9ml Tubes, 12 Shades",https://m.media-amazon.com/images/I/51UTH-oHa9L._SY300_SX300_QL70_FMwebp_.jpg,https://www.amazon.in/Camel-Camlin-Kokuyo-Acrylic-Color/dp/B00KIE28X0/ref=sr_1_334?qid=1672903011&s=computers&sr=1-334,4.5,₹310
392,B08461VC1Z,"Scarters Mouse Pad, Desk Mat Extended for Work from Home/Office/Gaming | Vegan PU Leather | Anti-Skid, Anti-Slip, Reversible Splash-Proof – Deskspread ~ Navy Blue & Yellow",https://m.media-amazon.com/images/I/31rWKVEYZOL._SX300_SY300_QL70_FMwebp_.jpg,https://www.amazon.in/Scarters-Office-Keyboard-Splash-Proof-Leather/dp/B08461VC1Z/ref=sr_1_410?qid=1672903016&s=computers&sr=1-410,4.5,₹999
400,B00NH13Q8W,"AmazonBasics USB 2.0 Extension Cable for Personal Computer, Printer, 2-Pack - A-Male to A-Female - 3.3 Feet (1 Meter, Black)",https://m.media-amazon.com/images/I/41WuKPTQhTL._SY300_SX300_QL70_FMwebp_.jpg,https://www.amazon.in/AmazonBasics-Extension-Cable-2-Pack-Female/dp/B00NH13Q8W/ref=sr_1_233?qid=1672909135&s=electronics&sr=1-233,4.5,₹299
408,B00NH11KIK,"AmazonBasics USB 2.0 Cable - A-Male to B-Male - for Personal Computer, Printer- 6 Feet (1.8 Meters), Black",https://m.media-amazon.com/images/I/4101vlzySzL._SY300_SX300_QL70_FMwebp_.jpg,https://www.amazon.in/AmazonBasics-USB-2-0-Cable-Male/dp/B00NH11KIK/ref=sr_1_44?qid=1672909125&s=electronics&sr=1-44,4.5,₹209
424,B00NH11PEY,"AmazonBasics USB 2.0 - A-Male to A-Female Extension Cable for Personal Computer, Printer (Black, 9.8 Feet/3 Meters)",https://m.media-amazon.com/images/W/WEBP_402378-T2/images/I/41Fqm0bR7PL._SX300_SY300_QL70_FMwebp_.jpg,https://www.amazon.in/AmazonBasics-Extension-Cable-Male-Female/dp/B00NH11PEY/ref=sr_1_34?qid=1672909125&s=electronics&sr=1-34,4.5,₹199
440,B082T6GXS5,"AmazonBasics New Release Nylon USB-A to Lightning Cable Cord, MFi Certified Charger for Apple iPhone, iPad, Silver, 6-Ft",https://m.media-amazon.com/images/W/WEBP_402378-T1/images/I/31OIv762uSL._SX300_SY300_QL70_FMwebp_.jpg,https://www.amazon.in/AmazonBasics-Nylon-Braided-Lightning-Cable/dp/B082T6GXS5/ref=sr_1_165?qid=1672909131&s=electronics&sr=1-165,4.5,₹999
448,B094QZLJQ6,"Seagate One Touch 2TB External HDD with Password Protection – Black, for Windows and Mac, with 3 yr Data Recovery Services, and 4 Months Adobe CC Photography (STKY2000400)",https://m.media-amazon.com/images/I/41BWhztt6EL._SX300_SY300_QL70_FMwebp_.jpg,https://www.amazon.in/Seagate-Touch-External-Password-Protection/dp/B094QZLJQ6/ref=sr_1_252?qid=1672903007&s=computers&sr=1-252,4.5,"₹5,799"
456,B00LY12TH6,Camel Oil Pastel with Reusable Plastic Box - 50 Shades,https://m.media-amazon.com/images/W/WEBP_402378-T2/images/I/31filqqY7-L._SX300_SY300_QL70_FMwebp_.jpg,https://www.amazon.in/Camel-Oil-Pastel-Reusable-Plastic/dp/B00LY12TH6/ref=sr_1_448?qid=1672903017&s=computers&sr=1-448,4.5,₹230
464,B088WCFPQF,"Cafe JEI French Press Coffee and Tea Maker 600ml with 4 Level Filtration System, Heat Resistant Borosilicate Glass (Black, 600ml)",https://m.media-amazon.com/images/W/WEBP_402378-T2/images/I/31YEW0-SNcL._SX300_SY300_QL70_FMwebp_.jpg,https://www.amazon.in/Cafe-JEI-Filtration-Resistant-Borosilicate/dp/B088WCFPQF/ref=sr_1_436?qid=1672923613&s=kitchen&sr=1-436,4.5,"₹1,099"
472,B071VNHMX2,Philips Daily Collection HD2582/00 830-Watt 2-Slice Pop-up Toaster (White),https://m.media-amazon.com/images/W/WEBP_402378-T1/images/I/31CLpobJstL._SY300_SX300_QL70_FMwebp_.jpg,https://www.amazon.in/Philips-Collection-HD2582-00-830-Watt/dp/B071VNHMX2/ref=sr_1_109?qid=1672923596&s=kitchen&sr=1-109,4.5,"₹2,095"
480,B0752LL57V,Casio MJ-12D 150 Steps Check and Correct Desktop Calculator,https://m.media-amazon.com/images/I/41cRLg+wdIL._SY300_SX300_.jpg,https://www.amazon.in/Casio-MJ-12D-Desktop-Calculator-Grey/dp/B0752LL57V/ref=sr_1_168?qid=1672903002&s=computers&sr=1-168,4.5,₹440
488,B0BMM7R92G,Noise_Colorfit Smart Watch Charger 2 Pin USB Fast Charger Magnetic Charging Cable Adapter (Smart Watch Charger 2 pin),https://m.media-amazon.com/images/I/21yMfxVmNuL._SX300_SY300_QL70_ML2_.jpg,https://www.amazon.in/Noise_Colorfit-Charger-Magnetic-Charging-Adapter/dp/B0BMM7R92G/ref=sr_1_354?qid=1672895850&s=electronics&sr=1-354,4.5,₹249
496,B0B2DD66GS,"SanDisk Extreme microSD UHS I Card 128GB for 4K Video on Smartphones,Action Cams 190MB/s Read,90MB/s Write",https://m.media-amazon.com/images/I/41O4rjSlneL._SY300_SX300_QL70_FMwebp_.jpg,https://www.amazon.in/SanDisk-Extreme-microSD-Smartphones-Action/dp/B0B2DD66GS/ref=sr_1_182?qid=1672903004&s=computers&sr=1-182,4.5,"₹1,329"
504,B086Q3QMFS,"Classmate Drawing Book - Unruled, 40 Pages, 210 mm x 297 mm - Pack Of 4",https://m.media-amazon.com/images/W/WEBP_402378-T2/images/I/41KFL-3kiUL._SX300_SY300_QL70_FMwebp_.jpg,https://www.amazon.in/Classmate-Drawing-Book-Unruled-Pages/dp/B086Q3QMFS/ref=sr_1_468?qid=1672903018&s=computers&sr=1-468,4.5,₹120
512,B086PXQ2R4,"Classmate Long Book - Unruled, 160 Pages, 314 mm x 194 mm - Pack Of 3",https://m.media-amazon.com/images/W/WEBP_402378-T1/images/I/41BDLm8-jLL._SX300_SY300_QL70_FMwebp_.jpg,https://www.amazon.in/Classmate-Long-Book-Unruled-Pages/dp/B086PXQ2R4/ref=sr_1_431?qid=1672903016&s=computers&sr=1-431,4.5,₹165
520,B01MUAUOCX,"Sujata Chutney Steel Jar, 400 ml, (White), Stainless Steel",https://m.media-amazon.com/images/W/WEBP_402378-T1/images/I/315uFBgWK3L._SX300_SY300_QL70_FMwebp_.jpg,https://www.amazon.in/SUJATA-Chutney-Jar-Small-8x8x8cm/dp/B01MUAUOCX/ref=sr_1_386?qid=1672923611&s=kitchen&sr=1-386,4.5,₹688
528,B09X7DY7Q4,SanDisk Extreme SD UHS I 64GB Card for 4K Video for DSLR and Mirrorless Cameras 170MB/s Read & 80MB/s Write,https://m.media-amazon.com/images/W/WEBP_402378-T1/images/I/41x8yDAjWJL._SX300_SY300_QL70_FMwebp_.jpg,https://www.amazon.in/SanDisk-Extreme-Video-Mirrorless-Cameras/dp/B09X7DY7Q4/ref=sr_1_307?qid=1672903010&s=computers&sr=1-307,4.5,₹939
536,B08LT9BMPP,"Logitech G102 USB Light Sync Gaming Mouse with Customizable RGB Lighting, 6 Programmable Buttons, Gaming Grade Sensor, 8K DPI Tracking, 16.8mn Color, Light Weight - Black",https://m.media-amazon.com/images/W/WEBP_402378-T2/images/I/41zEY42v1tL._SX300_SY300_QL70_FMwebp_.jpg,https://www.amazon.in/Logitech-G102-Customizable-Lighting-Programmable/dp/B08LT9BMPP/ref=sr_1_347?qid=1672903012&s=computers&sr=1-347,4.5,"₹1,495"
544,B0BMTZ4T1D,!!1000 Watt/2000-Watt Room Heater!! Fan Heater!!Pure White!!HN-2500!!Made in India!!,https://m.media-amazon.com/images/W/WEBP_402378-T1/images/I/314HwKNEFEL._SX300_SY300_QL70_FMwebp_.jpg,https://www.amazon.in/2000-Watt-Heater-White-HN-2500-India/dp/B0BMTZ4T1D/ref=sr_1_165?qid=1672923598&s=kitchen&sr=1-165,4.5,₹784
552,B00P93X6EK,"Classmate Soft Cover 6 Subject Spiral Binding Notebook, Unruled, 300 Pages",https://m.media-amazon.com/images/W/WEBP_402378-T2/images/I/51fhn5ex+GL._SY300_SX300_.jpg,https://www.amazon.in/Classmate-Pulse-Spiral-Notebook-Unruled/dp/B00P93X6EK/ref=sr_1_311?qid=1672903010&s=computers&sr=1-311,4.5,₹157
560,B07ZKD8T1Q,Cuzor 12V Mini ups for WiFi Router | Power Backup up to 4 Hours | Replaceable Battery | Ups for Wi-Fi Router and Modem | Ups for Router up to 2A | ups for uninterrupted wi-fi,https://m.media-amazon.com/images/W/WEBP_402378-T2/images/I/31VtFl2O33L._SX300_SY300_QL70_FMwebp_.jpg,https://www.amazon.in/Cuzor-Router-Switching-Moisture-Resistant/dp/B07ZKD8T1Q/ref=sr_1_246?qid=1672903007&s=computers&sr=1-246,4.5,"₹1,499"
568,B09C6HXFC1,"Duracell USB Lightning Apple Certified (Mfi) Braided Sync & Charge Cable For Iphone, Ipad And Ipod. Fast Charging Lightning Cable, 3.9 Feet (1.2M) - Black",https://m.media-amazon.com/images/W/WEBP_402378-T1/images/I/41TZJiPRRwL._SX300_SY300_QL70_FMwebp_.jpg,https://www.amazon.in/DURACELL-Lightning-Certified-braided-Devices/dp/B09C6HXFC1/ref=sr_1_22?qid=1672909124&s=electronics&sr=1-22,4.5,₹970
592,B07R99NBVB,"Gizga Essentials Cable Organiser, Cord Management System for PC, TV, Home Theater, Speaker & Cables, Reusable Cable Organizer for Desk, WFH Accessories, Organizer Tape Roll, Reusable Cable Ties Strap",https://m.media-amazon.com/images/I/51llGK9TR+L._SY300_SX300_.jpg,https://www.amazon.in/Essentials-Reusable-Double-Organizer-Length/dp/B07R99NBVB/ref=sr_1_444?qid=1672903017&s=computers&sr=1-444,4.5,₹249
600,B0B3G5XZN5,"InstaCuppa Portable Blender for Smoothie, Milk Shakes, Crushing Ice and Juices, USB Rechargeable Personal Blender Machine for Kitchen with 4000 mAh Rechargeable Battery, 230 Watt Motor, 500 ML",https://m.media-amazon.com/images/I/31ZbGgybh0L._SX300_SY300_QL70_FMwebp_.jpg,https://www.amazon.in/InstaCuppa-Portable-Smoothie-Crushing-Rechargeable/dp/B0B3G5XZN5/ref=sr_1_148?qid=1672923598&s=kitchen&sr=1-148,4.5,"₹2,799"
608,B0B694PXQJ,"Gadgetronics Digital Kitchen Weighing Scale & Food Weight Machine for Health, Fitness, Home Baking & Cooking (10 KGs,1 Year Warranty & Batteries Included)",https://m.media-amazon.com/images/W/WEBP_402378-T1/images/I/61Vt5Egqf4L._SY445_SX342_QL70_FMwebp_.jpg,https://www.amazon.in/Gadgetronics-Weighing-Warranty-Batteries-Included/dp/B0B694PXQJ/ref=sr_1_286?qid=1672923606&s=kitchen&sr=1-286,4.5,₹799
616,B0765B3TH7,"Gizga Essentials Hard Drive Case Shell, 6.35cm/2.5-inch, Portable Storage Organizer Bag for Earphone USB Cable Power Bank Mobile Charger Digital Gadget Hard Disk, Water Resistance Material, Black",https://m.media-amazon.com/images/I/31KpmfiYmeL._SX300_SY300_QL70_FMwebp_.jpg,https://www.amazon.in/GIZGA-inch-Hard-Drive-Black/dp/B0765B3TH7/ref=sr_1_74?qid=1672902998&s=computers&sr=1-74,4.5,₹199
624,B088ZFJY82,"Elv Aluminium Adjustable Mobile Phone Foldable Holder Tabletop Stand Dock Mount for All Smartphones, Tabs, Kindle, iPad (Moonlight Silver)",https://m.media-amazon.com/images/I/41pmcRIe45L._SX300_SY300_QL70_ML2_.jpg,https://www.amazon.in/Aluminium-Adjustable-Mobile-Foldable-Smartphones/dp/B088ZFJY82/ref=sr_1_493?qid=1672895894&s=electronics&sr=1-493,4.5,₹314
632,B08QW937WV,Homeistic Applience™ Instant Electric Water Heater Faucet Tap For Kitchen And Bathroom Sink Digital Water Heating Tap with Shower Head ABS Body- Shock Proof (Pack Of 1. White),https://m.media-amazon.com/images/I/31dCji7nmsL._SX300_SY300_QL70_FMwebp_.jpg,https://www.amazon.in/Homeistic-Applience-Electric-bathroom-Tankless/dp/B08QW937WV/ref=sr_1_173?qid=1672923598&s=kitchen&sr=1-173,4.5,"₹1,448"
640,B0BNDD9TN6,WANBO X1 Pro (Upgraded) | Native 1080P Full HD | Android 9 | Projector for Home | LED Cinema | 350ANSI | 3900 lumens | WiFi Bluetooth | HDMI ARC | Dolby DTS | 4D Keystone Correction (Global Version),https://m.media-amazon.com/images/I/41hCikFvL7L._SY300_SX300_QL70_FMwebp_.jpg,https://www.amazon.in/WANBO-X1-Pro-Projector-Correction/dp/B0BNDD9TN6/ref=sr_1_466?qid=1672909147&s=electronics&sr=1-466,4.5,"₹13,990"
648,B07Q4QV1DL,"ELV Aluminum Adjustable Mobile Phone Foldable Tabletop Stand Dock Mount for All Smartphones, Tabs, Kindle, iPad (Black)",https://m.media-amazon.com/images/I/31hDWwY8iWL._SX300_SY300_QL70_ML2_.jpg,https://www.amazon.in/Aluminum-Adjustable-Mobile-Foldable-Smartphones/dp/B07Q4QV1DL/ref=sr_1_149?qid=1672895791&s=electronics&sr=1-149,4.5,₹269
656,B0B9BD2YL4,"KINGONE Wireless Charging Pencil (2nd Generation) for iPad with Magnetic and Tilt Sensitive, Palm Rejection, Compatible with Apple iPad Pro 11 inch 1/2/3/4, iPad Pro 12.9 Inch 3/4/5/6, iPad Air 4/5, mini6",https://m.media-amazon.com/images/I/217Lv1D3bHL._SX300_SY300_QL70_ML2_.jpg,https://www.amazon.in/Wireless-Generation-Sensitive-Rejection-Compatible/dp/B0B9BD2YL4/ref=sr_1_500?qid=1672895894&s=electronics&sr=1-500,4.5,"₹2,599"
672,B01HJI0FS2,"Dell MS116 1000Dpi USB Wired Optical Mouse, Led Tracking, Scrolling Wheel, Plug and Play.",https://m.media-amazon.com/images/I/31z5b7RYc2L._SX300_SY300_QL70_FMwebp_.jpg,https://www.amazon.in/Dell-MS116-1000DPI-Wired-Optical/dp/B01HJI0FS2/ref=sr_1_31?qid=1672902996&s=computers&sr=1-31,4.5,₹299
680,B0116MIKKC,Goldmedal Curve Plus 202042 Plastic Spice 3-Pin 240V Universal Travel Adaptor (White),https://m.media-amazon.com/images/I/31MmkM8HTiL._SY300_SX300_QL70_ML2_.jpg,https://www.amazon.in/Goldmedal-202042-Plastic-Universal-Adaptor/dp/B0116MIKKC/ref=sr_1_103?qid=1672895777&s=electronics&sr=1-103,4.5,₹99
688,B01DJJVFPC,"Duracell Ultra Alkaline AAA Battery, 8 Pcs",https://m.media-amazon.com/images/W/WEBP_402378-T1/images/I/41ZrxS9SpwL._SX300_SY300_QL70_FMwebp_.jpg,https://www.amazon.in/Duracell-Alkaline-Battery-Duralock-Technology/dp/B01DJJVFPC/ref=sr_1_133?qid=1672903001&s=computers&sr=1-133,4.5,₹269
696,B08WLY8V9S,"Tukzer Gel Mouse Pad Wrist Rest Memory-Foam Ergonomic Mousepad| Cushion Wrist Support & Pain Relief| Suitable for Gaming, Computer, Laptop, Home & Office Non-Slip Rubber Base (Blue)",https://m.media-amazon.com/images/I/41i35PCzzaL._SX300_SY300_QL70_FMwebp_.jpg,https://www.amazon.in/Tukzer-Memory-Foam-Ergonomic-Mousepad-Suitable/dp/B08WLY8V9S/ref=sr_1_328?qid=1672903011&s=computers&sr=1-328,4.5,₹425
704,B0B8CHJLWJ,Kyosei Advanced Tempered Glass Compatible with Google Pixel 6a with Military-Grade Anti-Explosion Edge-to-Edge Coverage Screen Protector Guard,https://m.media-amazon.com/images/I/318wXJER9zL._SX300_SY300_QL70_ML2_.jpg,https://www.amazon.in/Compatible-Pixel-6a-Military-Grade-Anti-Explosion/dp/B0B8CHJLWJ/ref=sr_1_247?qid=1672895821&s=electronics&sr=1-247,4.5,₹299
712,B00NNQMYNE,"AirCase Rugged Hard Drive Case for 2.5-inch Western Digital, Seagate, Toshiba, Portable Storage Shell for Gadget Hard Disk USB Cable Power Bank Mobile Charger Earphone, Waterproof (Black)",https://m.media-amazon.com/images/W/WEBP_402378-T2/images/I/51E0xvwRCpL._SX300_SY300_QL70_FMwebp_.jpg,https://www.amazon.in/AirCase-External-Drive-2-5-Inch-Black/dp/B00NNQMYNE/ref=sr_1_155?qid=1672903002&s=computers&sr=1-155,4.5,₹299
720,B083GKDRKR,"Havells Aqua Plus 1.2 litre Double Wall Kettle / 304 Stainless Steel Inner Body / Cool touch outer body / Wider mouth/ 2 Year warranty (Black, 1500 Watt)",https://m.media-amazon.com/images/I/31S74o1sCSS._SY300_SX300_QL70_FMwebp_.jpg,https://www.amazon.in/HAVELLS-Kettle-Coffee-Boiler-Stainless/dp/B083GKDRKR/ref=sr_1_30?qid=1672923591&s=kitchen&sr=1-30,4.5,"₹1,625"
728,B08LW31NQ6,"Lenovo 600 Bluetooth 5.0 Silent Mouse: Compact, Portable, Dongle-Free Multi-Device connectivity with Microsoft Swift Pair | 3-Level Adjustable DPI up to 2400 | Battery Life: up to 1 yr",https://m.media-amazon.com/images/I/31fORCrbSJL._SX300_SY300_QL70_FMwebp_.jpg,https://www.amazon.in/Lenovo-600-Bluetooth%C2%AE-Silent-Mouse/dp/B08LW31NQ6/ref=sr_1_309?qid=1672903010&s=computers&sr=1-309,4.5,"₹1,439"
736,B00R1P3B4O,Fujifilm Instax Mini Single Pack 10 Sheets Instant Film for Fuji Instant Cameras,https://m.media-amazon.com/images/I/51fEftU7HAL._SX300_SY300_QL70_FMwebp_.jpg,https://www.amazon.in/Fujifilm-Instax-Instant-Fuji-Cameras/dp/B00R1P3B4O/ref=sr_1_129?qid=1672903001&s=computers&sr=1-129,4.5,₹549
744,B00V4BGDKU,TP-Link UE300 USB 3.0 to RJ45 Gigabit Ethernet Network Adapter - Plug and Play,https://m.media-amazon.com/images/W/WEBP_402378-T1/images/I/219039qa+PL._SY300_SX300_.jpg,https://www.amazon.in/TP-Link-TL-UE300-Gigabit-Ethernet-Network/dp/B00V4BGDKU/ref=sr_1_110?qid=1672909129&s=electronics&sr=1-110,4.5,"₹1,099"
752,B08FYB5HHK,"TP-Link UE300C USB Type-C to RJ45 Gigabit Ethernet Network Adapter/RJ45 LAN Wired Adapter for Ultrabook, Chromebook, Laptop, Desktop, Plug & Play, USB 3.0, Foldable and Portable Design",https://m.media-amazon.com/images/I/21uJX5AqizL._SX300_SY300_QL70_FMwebp_.jpg,https://www.amazon.in/TP-Link-UE300C-Ethernet-Ultrabook-Chromebook/dp/B08FYB5HHK/ref=sr_1_395?qid=1672903014&s=computers&sr=1-395,4.5,"₹1,199"
760,B07TMCXRFV,"ESR Screen Protector Compatible with iPad Pro 11 Inch (2022/2021/2020/2018) and iPad Air 5/4 (2022/2020, 10.9 Inch), Tempered-Glass Film with Alignment Frame, Scratch Resistant, HD Clarity, 2 Pack",https://m.media-amazon.com/images/I/51VIQVc-6XL._SX300_SY300_QL70_FMwebp_.jpg,https://www.amazon.in/ESR-iPad-Screen-Protector-Scratch-Resistant/dp/B07TMCXRFV/ref=sr_1_372?qid=1672903013&s=computers&sr=1-372,4.5,"₹1,234"
768,B0B86CDHL1,"oraimo 65W Type C to C Fast Charging Cable USB C to USB C Cable High Speed Syncing, Nylon Braided 1M length with LED Indicator Compatible For Laptop, Macbook, Samsung Galaxy S22 S20 S10 S20Fe S21 S21 Ultra A70 A51 A71 A50S M31 M51 M31S M53 5G",https://m.media-amazon.com/images/I/41gztmbiIgL._SX300_SY300_QL70_FMwebp_.jpg,https://www.amazon.in/oraimo-Charging-Syncing-Indicator-Compatible/dp/B0B86CDHL1/ref=sr_1_79?qid=1672909128&s=electronics&sr=1-79,4.5,₹349
784,B07G3YNLJB,Crucial BX500 240GB 3D NAND SATA 6.35 cm (2.5-inch) SSD (CT240BX500SSD1),https://m.media-amazon.com/images/I/31foPNxmwsL._SX300_SY300_QL70_FMwebp_.jpg,https://www.amazon.in/Crucial-BX500-240GB-2-5-inch-CT240BX500SSD1/dp/B07G3YNLJB/ref=sr_1_247?qid=1672903007&s=computers&sr=1-247,4.5,"₹1,815"
792,B0BMXMLSMM,"Lapster 65W compatible for OnePlus Dash Warp Charge Cable , type c to c cable fast charging Data Sync Cable Compatible with One Plus 10R / 9RT/ 9 pro/ 9R/ 8T/ 9/ Nord & for All Type C Devices – Red, 1 Meter",https://m.media-amazon.com/images/W/WEBP_402378-T2/images/I/3135yilFsfL._SY445_SX342_QL70_FMwebp_.jpg,https://www.amazon.in/Lapster-compatible-OnePlus-charging-Compatible/dp/B0BMXMLSMM/ref=sr_1_97?qid=1672909129&s=electronics&sr=1-97,4.5,₹199
808,B08C4Z69LN,Crucial RAM 8GB DDR4 3200MHz CL22 (or 2933MHz or 2666MHz) Laptop Memory CT8G4SFRA32A,https://m.media-amazon.com/images/W/WEBP_402378-T2/images/I/51esjcOy79L._SY300_SX300_QL70_FMwebp_.jpg,https://www.amazon.in/Crucial-PC4-25600-SODIMM-260-Pin-Memory/dp/B08C4Z69LN/ref=sr_1_210?qid=1672903005&s=computers&sr=1-210,4.5,"₹1,792"
816,B014SZO90Y,"Duracell Ultra Alkaline AA Battery, 8 Pcs",https://m.media-amazon.com/images/W/WEBP_402378-T2/images/I/415nVOD7bWL._SX300_SY300_QL70_FMwebp_.jpg,https://www.amazon.in/Duracell-Alkaline-Battery-Duralock-Technology/dp/B014SZO90Y/ref=sr_1_34?qid=1672902996&s=computers&sr=1-34,4.5,₹266
824,B075DB1F13,"Panasonic Eneloop BQ-CC55N Advanced, Smart and Quick Charger for AA & AAA Rechargeable Batteries, White",https://m.media-amazon.com/images/W/WEBP_402378-T1/images/I/41N+hHYrIWL._SY300_SX300_.jpg,https://www.amazon.in/Panasonic-Eneloop-BQ-CC55E-Advanced-Battery/dp/B075DB1F13/ref=sr_1_425?qid=1672903016&s=computers&sr=1-425,4.4,"₹1,500"
832,B097RJ867P,"PHILIPS Digital Air Fryer HD9252/90 with Touch Panel, uses up to 90% less fat, 7 Pre-set Menu, 1400W, 4.1 Liter, with Rapid Air Technology (Black), Large",https://m.media-amazon.com/images/W/WEBP_402378-T2/images/I/31nZs1BL4tL._SX300_SY300_QL70_FMwebp_.jpg,https://www.amazon.in/PHILIPS-Digital-HD9252-90-Technology/dp/B097RJ867P/ref=sr_1_107?qid=1672923596&s=kitchen&sr=1-107,4.4,"₹8,799"
840,B00LVMTA2A,Panasonic CR-2032/5BE Lithium Coin Battery - Pack of 5,https://m.media-amazon.com/images/W/WEBP_402378-T1/images/I/5145vqMSaTL._SY300_SX300_QL70_FMwebp_.jpg,https://www.amazon.in/Panasonic-Lithium-CR2032-5BE-Battery/dp/B00LVMTA2A/ref=sr_1_97?qid=1672903000&s=computers&sr=1-97,4.4,₹225
848,B07L5L4GTB,Epson 003 65 ml for EcoTank L1110/L3100/L3101/L3110/L3115/L3116/L3150/L3151/L3152/L3156/L5190 Black Ink Bottle,https://m.media-amazon.com/images/W/WEBP_402378-T1/images/I/41PcrlfQ2iL._SX300_SY300_QL70_FMwebp_.jpg,https://www.amazon.in/Epson-003-Black-Ink-Bottle/dp/B07L5L4GTB/ref=sr_1_102?qid=1672903000&s=computers&sr=1-102,4.4,₹309
856,B07KKJPTWB,"Brayden Chopro, Electric Vegetable Chopper for Kitchen with 500 ML Capacity, 400 Watts Copper Motor and 4 Bi-Level SS Blades (Black)",https://m.media-amazon.com/images/I/31GXpZTtghL._SX300_SY300_QL70_FMwebp_.jpg,https://www.amazon.in/Brayden-Plastic-Express-Bi-Level-Stainless/dp/B07KKJPTWB/ref=sr_1_254?qid=1672923605&s=kitchen&sr=1-254,4.4,"₹1,599"
